<?xml version="1.0" encoding="UTF-8"?>
<project-private xmlns="http://www.netbeans.org/ns/project-private/1">
    <editor-bookmarks xmlns="http://www.netbeans.org/ns/editor-bookmarks/2" lastBookmarkId="0"/>
    <open-files xmlns="http://www.netbeans.org/ns/projectui-open-files/2">
        <group>
            <file>file:/C:/Users/enri0/OneDrive/Documents/NetBeansProjects/Reditt/src/mx/itson/reditt/entidades/Comunidad.java</file>
            <file>file:/C:/Users/enri0/OneDrive/Documents/NetBeansProjects/Reditt/src/mx/itson/reditt/entidades/Post.java</file>
            <file>file:/C:/Users/enri0/OneDrive/Documents/NetBeansProjects/Reditt/src/mx/itson/reditt/entidades/Usuario.java</file>
            <file>file:/C:/Users/enri0/OneDrive/Documents/NetBeansProjects/Reditt/src/reditt/Main.java</file>
            <file>file:/C:/Users/enri0/OneDrive/Documents/NetBeansProjects/Reditt/src/mx/itson/reditt/entidades/Comentario.java</file>
        </group>
    </open-files>
</project-private>
